trait_id,segment,character,state_options,description
T01a,antenna_1,length,"elongate, short, moderate",
T01b,antenna_1,width,"narrowing distally, broadening distally, subequal",
T01c,antenna_1,shape,"proximal spine, without spine, ventradistal without spine, strong spine, strong basis, proximal spine, devious, strongly setose, triangle, shorter than relative species, longer than relative species, oviod lamella appendix peduncle",
T01d,peduncle,length,"elongate, short, moderate",
T01e,peduncle,width,"slender, robust, stout, cyclindrical, swollen, swelled, compressed, depressed, expanded",
T01f,accessory_flagellum,shape,"present, absent",
T01g,accessory_flagellum,length,"elongate, short, moderate",
T02a,antenna_2,length,"elongate, short, moderate",
T02b,antenna_2,width,"narrowing distally, broadening distally, subequal",
T02c,antenna_2,shape,"proximal spine, without spine, ventradistal without spine, strong spine, strong basis, proximal spine, devious, strongly setose, triangle, shorter than relative species, longer than relative species, oviod lamella appendix peduncle",
T02d,peduncle,length,"elongate, short, moderate",
T02e,peduncle,shape,"swelled, normal",
T02f,peduncle,setae,"strongly_setose, hairy, bare",
T02g,proximal,shape,"present, absent",
T02h,peduncle_vs_antenna1,shape,"as_long_as_antenna1, shorter, longer",
T03a,antennal_sinus_notch,length,"elongate, short, moderate",
T03b,antennal_sinus_notch,shape,"present, absent",
T04,compound_eye,shape,"reniform, ovate, fused, divided with corneal lens, black and brown, cirlce form, elavate form, lacking eyes",
T05,rostrum,shape,"elongate, short, moderate, acute, falcate, decurved, hooded",
T06,upper_lip,shape,"rounded, broad, bilobed ",
T07,mandible,shape,"molar strong, molar triturating, molar vestigial, palp strong and falcate, palp lacking, palp small, triturative",
T08,maxilla_1,shape,"palp vestigial, basal baler lobe large",
T09,maxilla_2,shape,"plates small and weekly armed, outer plate large and lunate",
T10,maxiliped,shape,"inner plates fused and palp dactylate, palp geniculate",
T11,lower_lip,shape,"shoulders notched, inner lobes lacking,mandibular process lacking, mandibular process elongate",
T12a,gnathopod_1,shape,"simple and normal, filiform, subchelate powerful, subchelate and weak, complexly subchelate, carpochelate, chelate, minutely subchelate, minutely chelate, larger than gnathopod 2, smaller than gnathopod 2, samilar gnathopod 2",
T12b,gnathopod_1,length,"elongate, short, moderate",
T12c,basis,shape,"convex, beyond, not beyond, palm absent, palm with digit-form ventral tooth, longer than wide, wider than long, with tooth, elongate, short, moderate, without spine, ventradistal without spine, strong spine, strong basis, proximal spine, devious, setose, triangle, shorter than relative species, longer than relative species, shorter than others, longer than others, without stridulating ridge, with stridulating ridge, long setae, short setae, serrated",
T12d,ischium,shape,"convex, beyond, not beyond, palm absent, palm with digit-form ventral tooth, longer than wide, wider than long, with tooth, elongate, short, moderate, without spine, ventradistal without spine, strong spine, strong basis, proximal spine, devious, setose, triangle, shorter than relative species, longer than relative species, shorter than others, longer than others, without stridulating ridge, with stridulating ridge, long setae, short setae, serrated",
T12e,merus,shape,"convex, beyond, not beyond, palm absent, palm with digit-form ventral tooth, longer than wide, wider than long, with tooth, elongate, short, moderate, without spine, ventradistal without spine, strong spine, strong basis, proximal spine, devious, setose, triangle, shorter than relative species, longer than relative species, shorter than others, longer than others, without stridulating ridge, with stridulating ridge, long setae, short setae, serrated",
T12f,carpus,shape,"convex, beyond, not beyond, palm absent, palm with digit-form ventral tooth, longer than wide, wider than long, with tooth, elongate, short, moderate, without spine, ventradistal without spine, strong spine, strong basis, proximal spine, devious, setose, triangle, shorter than relative species, longer than relative species, shorter than others, longer than others, without stridulating ridge, with stridulating ridge, long setae, short setae, serrated",
T12g,propodus,shape,"convex, beyond, not beyond, palm absent, palm with digit-form ventral tooth, longer than wide, wider than long, with tooth, elongate, short, moderate, without spine, ventradistal without spine, strong spine, strong basis, proximal spine, devious, setose, triangle, shorter than relative species, longer than relative species, shorter than others, longer than others, without stridulating ridge, with stridulating ridge, long setae, short setae, serrated",
T12h,dactyl,shape,"convex, beyond, not beyond, palm absent, palm with digit-form ventral tooth, longer than wide, wider than long, with tooth, elongate, short, moderate, without spine, ventradistal without spine, strong spine, strong basis, proximal spine, devious, setose, triangle, shorter than relative species, longer than relative species, shorter than others, longer than others, without stridulating ridge, with stridulating ridge, long setae, short setae, serrated",
T13a,gnathopod_2,shape,"simple and normal, filiform, subchelate powerful, subchelate and weak, complexly subchelate, carpochelate, chelate, minutely subchelate, minutely chelate, larger than gnathopod1, smaller than gnathopod1, samilar gnathopod 1",
T13b,gnathopod_2,length,"elongate, short, moderate",
T13c,basis,shape,"convex, beyond, not beyond, palm absent, palm with digit-form ventral tooth, longer than wide, wider than long, with tooth, elongate, short, moderate, without spine, ventradistal without spine, strong spine, strong basis, proximal spine, devious, setose, triangle, shorter than relative species, longer than relative species, shorter than others, longer than others, without stridulating ridge, with stridulating ridge, long setae, short setae, serrated",
T13d,ischium,shape,"convex, beyond, not beyond, palm absent, palm with digit-form ventral tooth, longer than wide, wider than long, with tooth, elongate, short, moderate, without spine, ventradistal without spine, strong spine, strong basis, proximal spine, devious, setose, triangle, shorter than relative species, longer than relative species, shorter than others, longer than others, without stridulating ridge, with stridulating ridge, long setae, short setae, serrated",
T13e,merus,shape,"convex, beyond, not beyond, palm absent, palm with digit-form ventral tooth, longer than wide, wider than long, with tooth, elongate, short, moderate, without spine, ventradistal without spine, strong spine, strong basis, proximal spine, devious, setose, triangle, shorter than relative species, longer than relative species, shorter than others, longer than others, without stridulating ridge, with stridulating ridge, long setae, short setae, serrated",
T13f,carpus,shape,"convex, beyond, not beyond, palm absent, palm with digit-form ventral tooth, longer than wide, wider than long, with tooth, elongate, short, moderate, without spine, ventradistal without spine, strong spine, strong basis, proximal spine, devious, setose, triangle, shorter than relative species, longer than relative species, shorter than others, longer than others, without stridulating ridge, with stridulating ridge, long setae, short setae, serrated",
T13g,propodus,shape,"convex, beyond, not beyond, palm absent, palm with digit-form ventral tooth, longer than wide, wider than long, with tooth, elongate, short, moderate, without spine, ventradistal without spine, strong spine, strong basis, proximal spine, devious, setose, triangle, shorter than relative species, longer than relative species, shorter than others, longer than others, without stridulating ridge, with stridulating ridge, long setae, short setae, serrated",
T13h,dactyl,shape,"convex, beyond, not beyond, palm absent, palm with digit-form ventral tooth, longer than wide, wider than long, with tooth, elongate, short, moderate, without spine, ventradistal without spine, strong spine, strong basis, proximal spine, devious, setose, triangle, shorter than relative species, longer than relative species, shorter than others, longer than others, without stridulating ridge, with stridulating ridge, long setae, short setae, serrated",
T14a,pereopod_1,shape,"constriction, basis linear, basis slightly expanded, basis broadly expanded, posteriorly directed, linear distal distal segments, basis glandular",
T14b,basis,shape,"convex, beyond, not beyond, palm absent, palm with digit-form ventral tooth, longer than wide, wider than long, with tooth, elongate, short, moderate, without spine, ventradistal without spine, strong spine, strong basis, proximal spine, devious, setose, triangle, shorter than relative species, longer than relative species, shorter than others, longer than others, without stridulating ridge, with stridulating ridge, long setae, short setae, serrated",
T14c,ischium,shape,"convex, beyond, not beyond, palm absent, palm with digit-form ventral tooth, longer than wide, wider than long, with tooth, elongate, short, moderate, without spine, ventradistal without spine, strong spine, strong basis, proximal spine, devious, setose, triangle, shorter than relative species, longer than relative species, shorter than others, longer than others, without stridulating ridge, with stridulating ridge, long setae, short setae, serrated",
T14d,merus,shape,"convex, beyond, not beyond, palm absent, palm with digit-form ventral tooth, longer than wide, wider than long, with tooth, elongate, short, moderate, without spine, ventradistal without spine, strong spine, strong basis, proximal spine, devious, setose, triangle, shorter than relative species, longer than relative species, shorter than others, longer than others, without stridulating ridge, with stridulating ridge, long setae, short setae, serrated",
T14e,carpus,shape,"convex, beyond, not beyond, palm absent, palm with digit-form ventral tooth, longer than wide, wider than long, with tooth, elongate, short, moderate, without spine, ventradistal without spine, strong spine, strong basis, proximal spine, devious, setose, triangle, shorter than relative species, longer than relative species, shorter than others, longer than others, without stridulating ridge, with stridulating ridge, long setae, short setae, serrated",
T14f,propodus,shape,"convex, beyond, not beyond, palm absent, palm with digit-form ventral tooth, longer than wide, wider than long, with tooth, elongate, short, moderate, without spine, ventradistal without spine, strong spine, strong basis, proximal spine, devious, setose, triangle, shorter than relative species, longer than relative species, shorter than others, longer than others, without stridulating ridge, with stridulating ridge, long setae, short setae, serrated",
T14g,dactyl,shape,"convex, beyond, not beyond, palm absent, palm with digit-form ventral tooth, longer than wide, wider than long, with tooth, elongate, short, moderate, without spine, ventradistal without spine, strong spine, strong basis, proximal spine, devious, setose, triangle, shorter than relative species, longer than relative species, shorter than others, longer than others, without stridulating ridge, with stridulating ridge, long setae, short setae, serrated",
T15a,pereopod_2,shape,"constriction, basis linear, basis slightly expanded, basis broadly expanded, posteriorly directed, linear distal distal segments, basis glandular",
T15b,basis,shape,"convex, beyond, not beyond, palm absent, palm with digit-form ventral tooth, longer than wide, wider than long, with tooth, elongate, short, moderate, without spine, ventradistal without spine, strong spine, strong basis, proximal spine, devious, setose, triangle, shorter than relative species, longer than relative species, shorter than others, longer than others, without stridulating ridge, with stridulating ridge, long setae, short setae, serrated",
T15c,ischium,shape,"convex, beyond, not beyond, palm absent, palm with digit-form ventral tooth, longer than wide, wider than long, with tooth, elongate, short, moderate, without spine, ventradistal without spine, strong spine, strong basis, proximal spine, devious, setose, triangle, shorter than relative species, longer than relative species, shorter than others, longer than others, without stridulating ridge, with stridulating ridge, long setae, short setae, serrated",
T15d,merus,shape,"convex, beyond, not beyond, palm absent, palm with digit-form ventral tooth, longer than wide, wider than long, with tooth, elongate, short, moderate, without spine, ventradistal without spine, strong spine, strong basis, proximal spine, devious, setose, triangle, shorter than relative species, longer than relative species, shorter than others, longer than others, without stridulating ridge, with stridulating ridge, long setae, short setae, serrated",
T15e,carpus,shape,"convex, beyond, not beyond, palm absent, palm with digit-form ventral tooth, longer than wide, wider than long, with tooth, elongate, short, moderate, without spine, ventradistal without spine, strong spine, strong basis, proximal spine, devious, setose, triangle, shorter than relative species, longer than relative species, shorter than others, longer than others, without stridulating ridge, with stridulating ridge, long setae, short setae, serrated",
T15f,propodus,shape,"convex, beyond, not beyond, palm absent, palm with digit-form ventral tooth, longer than wide, wider than long, with tooth, elongate, short, moderate, without spine, ventradistal without spine, strong spine, strong basis, proximal spine, devious, setose, triangle, shorter than relative species, longer than relative species, shorter than others, longer than others, without stridulating ridge, with stridulating ridge, long setae, short setae, serrated",
T15g,dactyl,shape,"convex, beyond, not beyond, palm absent, palm with digit-form ventral tooth, longer than wide, wider than long, with tooth, elongate, short, moderate, without spine, ventradistal without spine, strong spine, strong basis, proximal spine, devious, setose, triangle, shorter than relative species, longer than relative species, shorter than others, longer than others, without stridulating ridge, with stridulating ridge, long setae, short setae, serrated",
T16a,pereopod_3,shape,"constriction, basis linear, basis slightly expanded, basis broadly expanded, posteriorly directed, linear distal distal segments, basis glandular",
T16b,basis,shape,"convex, beyond, not beyond, palm absent, palm with digit-form ventral tooth, longer than wide, wider than long, with tooth, elongate, short, moderate, without spine, ventradistal without spine, strong spine, strong basis, proximal spine, devious, setose, triangle, shorter than relative species, longer than relative species, shorter than others, longer than others, without stridulating ridge, with stridulating ridge, long setae, short setae, serrated",
T16c,ischium,shape,"convex, beyond, not beyond, palm absent, palm with digit-form ventral tooth, longer than wide, wider than long, with tooth, elongate, short, moderate, without spine, ventradistal without spine, strong spine, strong basis, proximal spine, devious, setose, triangle, shorter than relative species, longer than relative species, shorter than others, longer than others, without stridulating ridge, with stridulating ridge, long setae, short setae, serrated",
T16d,merus,shape,"convex, beyond, not beyond, palm absent, palm with digit-form ventral tooth, longer than wide, wider than long, with tooth, elongate, short, moderate, without spine, ventradistal without spine, strong spine, strong basis, proximal spine, devious, setose, triangle, shorter than relative species, longer than relative species, shorter than others, longer than others, without stridulating ridge, with stridulating ridge, long setae, short setae, serrated",
T16e,carpus,shape,"convex, beyond, not beyond, palm absent, palm with digit-form ventral tooth, longer than wide, wider than long, with tooth, elongate, short, moderate, without spine, ventradistal without spine, strong spine, strong basis, proximal spine, devious, setose, triangle, shorter than relative species, longer than relative species, shorter than others, longer than others, without stridulating ridge, with stridulating ridge, long setae, short setae, serrated",
T16f,propodus,shape,"convex, beyond, not beyond, palm absent, palm with digit-form ventral tooth, longer than wide, wider than long, with tooth, elongate, short, moderate, without spine, ventradistal without spine, strong spine, strong basis, proximal spine, devious, setose, triangle, shorter than relative species, longer than relative species, shorter than others, longer than others, without stridulating ridge, with stridulating ridge, long setae, short setae, serrated",
T16g,dactyl,shape,"convex, beyond, not beyond, palm absent, palm with digit-form ventral tooth, longer than wide, wider than long, with tooth, elongate, short, moderate, without spine, ventradistal without spine, strong spine, strong basis, proximal spine, devious, setose, triangle, shorter than relative species, longer than relative species, shorter than others, longer than others, without stridulating ridge, with stridulating ridge, long setae, short setae, serrated",
T17a,pereopod_4,shape,"constriction, basis linear, basis slightly expanded, basis broadly expanded, posteriorly directed, linear distal distal segments, basis glandular",
T17b,basis,shape,"convex, beyond, not beyond, palm absent, palm with digit-form ventral tooth, longer than wide, wider than long, with tooth, elongate, short, moderate, without spine, ventradistal without spine, strong spine, strong basis, proximal spine, devious, setose, triangle, shorter than relative species, longer than relative species, shorter than others, longer than others, without stridulating ridge, with stridulating ridge, long setae, short setae, serrated",
T17c,ischium,shape,"convex, beyond, not beyond, palm absent, palm with digit-form ventral tooth, longer than wide, wider than long, with tooth, elongate, short, moderate, without spine, ventradistal without spine, strong spine, strong basis, proximal spine, devious, setose, triangle, shorter than relative species, longer than relative species, shorter than others, longer than others, without stridulating ridge, with stridulating ridge, long setae, short setae, serrated",
T17d,merus,shape,"convex, beyond, not beyond, palm absent, palm with digit-form ventral tooth, longer than wide, wider than long, with tooth, elongate, short, moderate, without spine, ventradistal without spine, strong spine, strong basis, proximal spine, devious, setose, triangle, shorter than relative species, longer than relative species, shorter than others, longer than others, without stridulating ridge, with stridulating ridge, long setae, short setae, serrated",
T17e,carpus,shape,"convex, beyond, not beyond, palm absent, palm with digit-form ventral tooth, longer than wide, wider than long, with tooth, elongate, short, moderate, without spine, ventradistal without spine, strong spine, strong basis, proximal spine, devious, setose, triangle, shorter than relative species, longer than relative species, shorter than others, longer than others, without stridulating ridge, with stridulating ridge, long setae, short setae, serrated",
T17f,propodus,shape,"convex, beyond, not beyond, palm absent, palm with digit-form ventral tooth, longer than wide, wider than long, with tooth, elongate, short, moderate, without spine, ventradistal without spine, strong spine, strong basis, proximal spine, devious, setose, triangle, shorter than relative species, longer than relative species, shorter than others, longer than others, without stridulating ridge, with stridulating ridge, long setae, short setae, serrated",
T17g,dactyl,shape,"convex, beyond, not beyond, palm absent, palm with digit-form ventral tooth, longer than wide, wider than long, with tooth, elongate, short, moderate, without spine, ventradistal without spine, strong spine, strong basis, proximal spine, devious, setose, triangle, shorter than relative species, longer than relative species, shorter than others, longer than others, without stridulating ridge, with stridulating ridge, long setae, short setae, serrated",
T18a,pereopod_5,shape,"constriction, basis linear, basis slightly expanded, basis broadly expanded, posteriorly directed, linear distal distal segments, basis glandular",
T18b,basis,shape,"convex, beyond, not beyond, palm absent, palm with digit-form ventral tooth, longer than wide, wider than long, with tooth, elongate, short, moderate, without spine, ventradistal without spine, strong spine, strong basis, proximal spine, devious, setose, triangle, shorter than relative species, longer than relative species, shorter than others, longer than others, without stridulating ridge, with stridulating ridge, long setae, short setae, serrated",
T18c,ischium,shape,"convex, beyond, not beyond, palm absent, palm with digit-form ventral tooth, longer than wide, wider than long, with tooth, elongate, short, moderate, without spine, ventradistal without spine, strong spine, strong basis, proximal spine, devious, setose, triangle, shorter than relative species, longer than relative species, shorter than others, longer than others, without stridulating ridge, with stridulating ridge, long setae, short setae, serrated",
T18d,merus,shape,"convex, beyond, not beyond, palm absent, palm with digit-form ventral tooth, longer than wide, wider than long, with tooth, elongate, short, moderate, without spine, ventradistal without spine, strong spine, strong basis, proximal spine, devious, setose, triangle, shorter than relative species, longer than relative species, shorter than others, longer than others, without stridulating ridge, with stridulating ridge, long setae, short setae, serrated",
T18e,carpus,shape,"convex, beyond, not beyond, palm absent, palm with digit-form ventral tooth, longer than wide, wider than long, with tooth, elongate, short, moderate, without spine, ventradistal without spine, strong spine, strong basis, proximal spine, devious, setose, triangle, shorter than relative species, longer than relative species, shorter than others, longer than others, without stridulating ridge, with stridulating ridge, long setae, short setae, serrated",
T18f,propodus,shape,"convex, beyond, not beyond, palm absent, palm with digit-form ventral tooth, longer than wide, wider than long, with tooth, elongate, short, moderate, without spine, ventradistal without spine, strong spine, strong basis, proximal spine, devious, setose, triangle, shorter than relative species, longer than relative species, shorter than others, longer than others, without stridulating ridge, with stridulating ridge, long setae, short setae, serrated",
T18g,dactyl,shape,"convex, beyond, not beyond, palm absent, palm with digit-form ventral tooth, longer than wide, wider than long, with tooth, elongate, short, moderate, without spine, ventradistal without spine, strong spine, strong basis, proximal spine, devious, setose, triangle, shorter than relative species, longer than relative species, shorter than others, longer than others, without stridulating ridge, with stridulating ridge, long setae, short setae, serrated",
T19a,pereopod_6,shape,"constriction, basis linear, basis slightly expanded, basis broadly expanded, posteriorly directed, linear distal distal segments, basis glandular",
T19b,basis,shape,"convex, beyond, not beyond, palm absent, palm with digit-form ventral tooth, longer than wide, wider than long, with tooth, elongate, short, moderate, without spine, ventradistal without spine, strong spine, strong basis, proximal spine, devious, setose, triangle, shorter than relative species, longer than relative species, shorter than others, longer than others, without stridulating ridge, with stridulating ridge, long setae, short setae, serrated",
T19c,ischium,shape,"convex, beyond, not beyond, palm absent, palm with digit-form ventral tooth, longer than wide, wider than long, with tooth, elongate, short, moderate, without spine, ventradistal without spine, strong spine, strong basis, proximal spine, devious, setose, triangle, shorter than relative species, longer than relative species, shorter than others, longer than others, without stridulating ridge, with stridulating ridge, long setae, short setae, serrated",
T19d,merus,shape,"convex, beyond, not beyond, palm absent, palm with digit-form ventral tooth, longer than wide, wider than long, with tooth, elongate, short, moderate, without spine, ventradistal without spine, strong spine, strong basis, proximal spine, devious, setose, triangle, shorter than relative species, longer than relative species, shorter than others, longer than others, without stridulating ridge, with stridulating ridge, long setae, short setae, serrated",
T19e,carpus,shape,"convex, beyond, not beyond, palm absent, palm with digit-form ventral tooth, longer than wide, wider than long, with tooth, elongate, short, moderate, without spine, ventradistal without spine, strong spine, strong basis, proximal spine, devious, setose, triangle, shorter than relative species, longer than relative species, shorter than others, longer than others, without stridulating ridge, with stridulating ridge, long setae, short setae, serrated",
T19f,propodus,shape,"convex, beyond, not beyond, palm absent, palm with digit-form ventral tooth, longer than wide, wider than long, with tooth, elongate, short, moderate, without spine, ventradistal without spine, strong spine, strong basis, proximal spine, devious, setose, triangle, shorter than relative species, longer than relative species, shorter than others, longer than others, without stridulating ridge, with stridulating ridge, long setae, short setae, serrated",
T19g,dactyl,shape,"convex, beyond, not beyond, palm absent, palm with digit-form ventral tooth, longer than wide, wider than long, with tooth, elongate, short, moderate, without spine, ventradistal without spine, strong spine, strong basis, proximal spine, devious, setose, triangle, shorter than relative species, longer than relative species, shorter than others, longer than others, without stridulating ridge, with stridulating ridge, long setae, short setae, serrated",
T20a,pereopod_7,shape,"constriction, basis linear, basis slightly expanded, basis broadly expanded, posteriorly directed, linear distal distal segments, basis glandular",
T20b,basis,shape,"convex, beyond, not beyond, palm absent, palm with digit-form ventral tooth, longer than wide, wider than long, with tooth, elongate, short, moderate, without spine, ventradistal without spine, strong spine, strong basis, proximal spine, devious, setose, triangle, shorter than relative species, longer than relative species, shorter than others, longer than others, without stridulating ridge, with stridulating ridge, long setae, short setae, serrated",
T20c,ischium,shape,"convex, beyond, not beyond, palm absent, palm with digit-form ventral tooth, longer than wide, wider than long, with tooth, elongate, short, moderate, without spine, ventradistal without spine, strong spine, strong basis, proximal spine, devious, setose, triangle, shorter than relative species, longer than relative species, shorter than others, longer than others, without stridulating ridge, with stridulating ridge, long setae, short setae, serrated",
T20d,merus,shape,"convex, beyond, not beyond, palm absent, palm with digit-form ventral tooth, longer than wide, wider than long, with tooth, elongate, short, moderate, without spine, ventradistal without spine, strong spine, strong basis, proximal spine, devious, setose, triangle, shorter than relative species, longer than relative species, shorter than others, longer than others, without stridulating ridge, with stridulating ridge, long setae, short setae, serrated",
T20e,carpus,shape,"convex, beyond, not beyond, palm absent, palm with digit-form ventral tooth, longer than wide, wider than long, with tooth, elongate, short, moderate, without spine, ventradistal without spine, strong spine, strong basis, proximal spine, devious, setose, triangle, shorter than relative species, longer than relative species, shorter than others, longer than others, without stridulating ridge, with stridulating ridge, long setae, short setae, serrated",
T20f,propodus,shape,"convex, beyond, not beyond, palm absent, palm with digit-form ventral tooth, longer than wide, wider than long, with tooth, elongate, short, moderate, without spine, ventradistal without spine, strong spine, strong basis, proximal spine, devious, setose, triangle, shorter than relative species, longer than relative species, shorter than others, longer than others, without stridulating ridge, with stridulating ridge, long setae, short setae, serrated",
T20g,dactyl,shape,"convex, beyond, not beyond, palm absent, palm with digit-form ventral tooth, longer than wide, wider than long, with tooth, elongate, short, moderate, without spine, ventradistal without spine, strong spine, strong basis, proximal spine, devious, setose, triangle, shorter than relative species, longer than relative species, shorter than others, longer than others, without stridulating ridge, with stridulating ridge, long setae, short setae, serrated",
T21,coxa_1,shape,"setose anterior lobe, setose ventral lobe, setose posterior lobe, overlapping, separated, bilobed, excavate posteriorly, anterodistally expanded",
T22,coxa_2,shape,"setose anterior lobe, setose ventral lobe, setose posterior lobe, overlapping, separated, bilobed, excavate posteriorly, anterodistally expanded",
T23,coxa_3,shape,"setose anterior lobe, setose ventral lobe, setose posterior lobe, overlapping, separated, bilobed, excavate posteriorly, anterodistally expanded",
T24,coxa_4,shape,"setose anterior lobe, setose ventral lobe, setose posterior lobe, overlapping, separated, bilobed, excavate posteriorly, anterodistally expanded",
T25,coxa_5,shape,"setose anterior lobe, setose ventral lobe, setose posterior lobe, overlapping, separated, bilobed, excavate posteriorly, anterodistally expanded",
T26,coxa_6,shape,"setose anterior lobe, setose ventral lobe, setose posterior lobe, overlapping, separated, bilobed, excavate posteriorly, anterodistally expanded",
T27,coxa_7,shape,"setose anterior lobe, setose ventral lobe, setose posterior lobe, overlapping, separated, bilobed, excavate posteriorly, anterodistally expanded",
T28,pleon_1,shape,"mucronate, posteriorly recurved overhanging urosome, setose and hirsute, carinate",
T29,pleon_2,shape,"mucronate, posteriorly recurved overhanging urosome, setose and hirsute, carinate",
T30,pleon_3,shape,"mucronate, posteriorly recurved overhanging urosome, setose and hirsute, carinate",
T31,epimera_1,shape,"hind corners, tootheed produced, mucronate, subquadrate",
T32,epimera_2,shape,"hind corners, tootheed produced, mucronate, subquadrate",
T33,epimera_3,shape,"hind corners, tootheed produced, mucronate, subquadrate",
T34,pleopod_1,shape,"without constriction, simple and normal, rami proximally expanded, peduncle broad, peduncle expanded medially",
T35,pleopod_2,shape,"simple and normal, rami proximally expanded, peduncle broad, peduncle expanded medially",
T36,pleopod_3,shape,"simple and normal, rami proximally expanded, peduncle broad, peduncle expanded medially",
T37,urosome_1,shape,"short, long, medium long, spinose, toothed, bicarinate, posteriorly carinate, segments fused, with hook, without hook, peduncle short, peduncle long, peduncle long as ramus, inner ramus short, outer ramus short",
T38,urosome_2,shape,"short, long, medium long, spinose, toothed, bicarinate, posteriorly carinate, segments fused, with hook, without hook",
T39,urosome_3,shape,"short, long, medium long, spinose, toothed, bicarinate, posteriorly carinate, segments fused, with hook, without hook",
T40,uropod_1,shape,"subequal rami, rami falciform, rami lanceolate, outer ramus with hook spines, rami foliaceous, uniramous and uninate, uniramous and spatulate, uniramous and styliform, uniramous and peduncle medially lobate",
T41,uropod_2,shape,"subequal rami, rami falciform, rami lanceolate, outer ramus with hook spines, rami foliaceous, uniramous and uninate, uniramous and spatulate, uniramous and styliform, uniramous and peduncle medially lobate",
T42,uropod_3,shape,"subequal rami, rami falciform, rami lanceolate, outer ramus with hook spines, rami foliaceous, uniramous and uninate, uniramous and spatulate, uniramous and styliform, uniramous and peduncle medially lobate",
T43,telson,shape,"with hook, cleft to base, deeply cleft, broad and notched, entire and acute, entire and linguiform, dorsally uncinate",
